{
  "version": 1,
  "name": "box-1",
  "bounds": {
    "min": [
      -10,
      -10,
      0
    ],
    "max": [
      10,
      10,
      14.061699752705938
    ]
  },
  "planes": [
    {
      "z": 0,
      "vertices": [
        [
          -10,
          -10
        ],
        [
          10,
          -10
        ],
        [
          10,
          10
        ],
        [
          -10,
          10
        ]
      ]
    },
    {
      "z": 14.061699752705938,
      "vertices": [
        [
          -10,
          -10
        ],
        [
          10,
          -10
        ],
        [
          10,
          10
        ],
        [
          -10,
          10
        ]
      ]
    }
  ]
}