{
  "version": 1,
  "name": "crazy-1",
  "bounds": {
    "min": [
      -21.422523768449203,
      -8.379013312451056,
      0
    ],
    "max": [
      8.735350796384703,
      12.01252936570086,
      47.657948432136784
    ]
  },
  "planes": [
    {
      "z": 0,
      "vertices": [
        [
          -13.451656786899134,
          4.244322631166797
        ],
        [
          -4.5204461071874205,
          4.244322631166797
        ],
        [
          -4.5204461071874205,
          12.01252936570086
        ],
        [
          0.9322930446365751,
          11.981205951448707
        ],
        [
          0.7129299753103197,
          4.3069694596711035
        ],
        [
          8.641338052387738,
          4.150352388410337
        ],
        [
          8.735350796384703,
          -0.9866875489428351
        ],
        [
          0.8382803006396063,
          -0.3915426781519171
        ],
        [
          0.8696178819719318,
          -8.379013312451056
        ],
        [
          -4.551783688519742,
          -8.159749412685983
        ],
        [
          -4.175732712531881,
          0.17227877838684513
        ],
        [
          -13.545669530896099,
          0.3602192638997659
        ],
        [
          -15.206423373520364,
          -1.449767718690682
        ],
        [
          -19.44258067969409,
          -1.587840834756458
        ],
        [
          -21.422523768449203,
          2.7384501353046202
        ],
        [
          -18.705857669924747,
          5.868107432795616
        ],
        [
          -15.52873969029445,
          6.604497385146439
        ]
      ]
    },
    {
      "z": 12.368083133032059,
      "vertices": [
        [
          -13.451656786899134,
          4.244322631166797
        ],
        [
          -4.5204461071874205,
          4.244322631166797
        ],
        [
          -4.5204461071874205,
          12.01252936570086
        ],
        [
          0.9322930446365751,
          11.981205951448707
        ],
        [
          0.7129299753103197,
          4.3069694596711035
        ],
        [
          8.641338052387738,
          4.150352388410337
        ],
        [
          8.735350796384703,
          -0.9866875489428351
        ],
        [
          0.8382803006396063,
          -0.3915426781519171
        ],
        [
          0.8696178819719318,
          -8.379013312451056
        ],
        [
          -4.551783688519742,
          -8.159749412685983
        ],
        [
          -4.175732712531881,
          0.17227877838684513
        ],
        [
          -5.298783083167356,
          0.1948047181027913
        ],
        [
          -6.416565995565311,
          0.21722500410113307
        ],
        [
          -7.339770962535444,
          0.23574248112192234
        ],
        [
          -8.12920912946006,
          0.2515768880395289
        ],
        [
          -8.774101594651711,
          0.2645120236078072
        ],
        [
          -13.545669530896099,
          0.3602192638997659
        ],
        [
          -15.206423373520364,
          -1.449767718690682
        ],
        [
          -19.44258067969409,
          -1.587840834756458
        ],
        [
          -21.422523768449203,
          2.7384501353046202
        ],
        [
          -18.705857669924747,
          5.868107432795616
        ],
        [
          -15.52873969029445,
          6.604497385146439
        ]
      ]
    },
    {
      "z": 21.063875004939767,
      "vertices": [
        [
          4.803274222117935,
          -6.206025896462586
        ],
        [
          7.626275718399773,
          10.882878765685609
        ],
        [
          -14.478113196043761,
          7.976899118737486
        ],
        [
          -15.665828600431148,
          4.845103996717899
        ],
        [
          -16.266053362424522,
          1.9246342997126116
        ],
        [
          -5.204300199931744,
          1.1846892895866898
        ],
        [
          -4.299980102632652,
          1.1241973283465914
        ],
        [
          -3.2468285284060787,
          1.0537497021151991
        ],
        [
          -2.239647617069558,
          0.986377154681715
        ],
        [
          -4.542459744735916,
          -6.299666825907163
        ]
      ]
    },
    {
      "z": 27.624651187986004,
      "vertices": [
        [
          -0.10062483851565718,
          -6.43526833114515
        ],
        [
          -0.0033122866033067693,
          -0.3962145057530118
        ],
        [
          5.130768520791827,
          -0.11792372427382761
        ],
        [
          5.1384284170115215,
          0.413408671768149
        ],
        [
          0.03267463546798197,
          0.05531449581910079
        ],
        [
          1.0475613469826066,
          4.637766519823751
        ],
        [
          1.8595430656353977,
          6.6083437920026835
        ],
        [
          1.8463831908242632,
          7.321502849258117
        ],
        [
          -0.1211026116343521,
          8.388800805130026
        ],
        [
          -0.20144896324038086,
          8.271479541173358
        ],
        [
          -0.19846557126644415,
          7.20102527861488
        ],
        [
          -0.19766873238291763,
          6.915115955637864
        ],
        [
          -0.19521426816363993,
          6.034443315644095
        ],
        [
          -0.19282548666132313,
          5.177337925599861
        ],
        [
          -0.16034169413513144,
          -6.477990800059826
        ]
      ]
    },
    {
      "z": 30.761313321172864,
      "vertices": [
        [
          -0.10062483851565718,
          -6.43526833114515
        ],
        [
          -0.0033122866033067693,
          -0.3962145057530118
        ],
        [
          5.130768520791827,
          -0.11792372427382761
        ],
        [
          5.1384284170115215,
          0.413408671768149
        ],
        [
          0.03267463546798197,
          0.05531449581910079
        ],
        [
          -0.04562561459072017,
          4.298556419935404
        ],
        [
          -0.08564816023938249,
          6.467455541955366
        ],
        [
          -0.09880803505051715,
          7.1806145992107995
        ],
        [
          -0.1211026116343521,
          8.388800805130026
        ],
        [
          -0.20144896324038086,
          8.271479541173358
        ],
        [
          -0.19258339552422418,
          5.090474552667596
        ],
        [
          -0.18736825500048745,
          3.2192590193935686
        ],
        [
          -0.1829796494777645,
          1.6446079076633449
        ],
        [
          -0.16034169413513144,
          -6.477990800059826
        ]
      ]
    },
    {
      "z": 32.36941647014442,
      "vertices": [
        [
          -0.0033122866033067693,
          -0.3962145057530118
        ],
        [
          5.130768520791827,
          -0.11792372427382761
        ],
        [
          5.1384284170115215,
          0.413408671768149
        ],
        [
          0.03267463546798197,
          0.05531449581910079
        ]
      ]
    },
    {
      "z": 38.135806528941075,
      "vertices": [
        [
          4.037929885263276,
          -0.3698859023370074
        ],
        [
          5.422238708059159,
          -0.29947663476767394
        ],
        [
          5.435564877384447,
          0.6248995283794578
        ],
        [
          4.100537498116426,
          0.41565371303760357
        ]
      ]
    },
    {
      "z": 33.310092435704185,