{
  "version": 1,
  "name": "house-1",
  "bounds": {
    "min": [
      -10.088031654881117,
      -10,
      0
    ],
    "max": [
      10,
      10,
      28.26223246407549
    ]
  },
  "planes": [
    {
      "z": 0,
      "vertices": [
        [
          -10,
          -10
        ],
        [
          10,
          -10
        ],
        [
          10,
          10
        ],
        [
          -10,
          10
        ]
      ]
    },
    {
      "z": 14.061699752705938,
      "vertices": [
        [
          -10,
          -10
        ],
        [
          10,
          -10
        ],
        [
          10,
          10
        ],
        [
          -10,
          10
        ]
      ]
    },
    {
      "z": 24.416430157552824,
      "vertices": [
        [
          -10,
          -10
        ],
        [
          10,
          -10
        ],
        [
          10,
          10
        ],
        [
          -10,
          10
        ]
      ]
    },
    {
      "z": 28.26223246407549,
      "vertices": [
        [
          -10.088031654881117,
          -0.09053327208390438
        ],
        [
          9.66781567796235,
          -0.10006309019799903
        ],
        [
          9.658277763146375,
          0.05241399962752358
        ],
        [
          -10.088031654881117,
          0.05241399962752331
        ]
      ]
    }
  ]
}