{
  "version": 1,
  "name": "trans-america-pyramid",
  "bounds": {
    "min": [
      -14.816647596167755,
      -14.816647596167755,
      0
    ],
    "max": [
      14.816647596167755,
      14.816647596167755,
      159.77812380345537
    ]
  },
  "planes": [
    {
      "z": 0,
      "vertices": [
        [
          -14.816647596167755,
          -14.816647596167755
        ],
        [
          14.816647596167755,
          -14.816647596167755
        ],
        [
          14.816647596167755,
          14.816647596167755
        ],
        [
          -14.816647596167755,
          14.816647596167755
        ]
      ]
    },
    {
      "z": 55.50268839503514,
      "vertices": [
        [
          -10,
          -10
        ],
        [
          10,
          -10
        ],
        [
          10,
          10
        ],
        [
          -10,
          10
        ]
      ]
    },
    {
      "z": 57.911363075858624,
      "vertices": [
        [
          -10,
          -10
        ],
        [
          -2.1403666537395627,
          -10.453153013987805
        ],
        [
          -1.9688156430001382,
          -12.453670572714174
        ],
        [
          1.3160102892957666,
          -12.637163540822
        ],
        [
          1.349343748731291,
          -10.747229002893103
        ],
        [
          10,
          -10
        ],
        [
          10.239149748812967,
          -8.516027242099904
        ],
        [
          10,
          10
        ],
        [
          0.805004462589107,
          9.911393132170705
        ],
        [
          0.6594489465893596,
          11.461380753207232
        ],
        [
          -2.1253670279327714,
          11.364111417693461
        ],
        [
          -2.1199608554504503,
          9.900703398819955
        ],
        [
          -10,
          10
        ]
      ]
    },
    {
      "z": 130.25904496923013,
      "vertices": [
        [
          -5.160932139857197,
          -5.445416774759984
        ],
        [
          -1.104628705436311,
          -5.679285970176266
        ],
        [
          -1.2082240770494335,
          -12.065251667260158
        ],
        [
          0.4870522957327982,
          -12.159951142914705
        ],
        [
          0.6963871520542714,
          -5.831056592446431
        ],
        [
          5.160932139857197,
          -5.445416774759984
        ],
        [
          5.160932139857197,
          4.8764475049544105
        ],
        [
          0.4154573403704593,
          4.830718101755182
        ],
        [
          0.4770853974056429,
          10.692132618204932
        ],
        [
          -0.9601392292442579,
          10.641932574217373
        ],
        [
          -1.0940974114133386,
          4.825201202913543
        ],
        [
          -5.160932139857197,
          4.8764475049544105
        ]
      ]
    },
    {
      "z": 130.51951489488115,
      "vertices": [
        [
          -5.160932139857197,
          -5.445416774759984
        ],
        [
          -2.1195086318487006,
          -5.620772312193949
        ],
        [
          -1.104628705436311,
          -5.679285970176266
        ],
        [
          0.6963871520542714,
          -5.831056592446431
        ],
        [
          1.8971707717503588,
          -5.727334941652101
        ],
        [
          5.160932139857197,
          -5.445416774759984
        ],
        [
          5.160932139857197,
          4.8764475049544105
        ],
        [
          1.3948138777676076,
          4.840155595760899
        ],
        [
          0.4154573403704593,
          4.830718101755182
        ],
        [
          -1.0940974114133386,
          4.825201202913543
        ],
        [
          -2.490985187609618,
          4.8428034261845
        ],
        [
          -5.160932139857197,
          4.8764475049544105
        ]
      ]
    },
    {
      "z": 159.77812380345537,
      "vertices": [
        [
          -0.9954257556935573,
          -1.435539749695517
        ],
        [
          -0.4088047322426892,
          -1.469361821684645
        ],
        [
          -0.2130576093759995,
          -1.4806477678348793
        ],
        [
          0.13431715207712228,
          -1.509920849183618
        ],
        [
          0.36592084491186216,
          -1.4899153153331797
        ],
        [
          0.9954257556935573,
          -1.435539749695517
        ],
        [
          0.9954257556935573,
          0.5553117616915977
        ],
        [
          0.2690276912587151,
          0.5483118825698559
        ],
        [
          0.08013221755094478,
          0.5464916058547362
        ],
        [
          -0.21102636365775246,
          0.545427522264853
        ],
        [
          -0.48045406248383105,
          0.5488225884905957
        ],
        [
          -0.9954257556935573,
          0.5553117616915977
        ]
      ]
    }
  ],
  "segmentLocked": [
    false,
    false,
    false,
    false,
    false
  ]
}